{
    "faces":[41,0,1,2,3,0,1,2,3,0,0,0,0,41,4,7,6,5,4,5,6,7,1,1,1,1,41,0,4,5,1,8,9,10,11,2,2,2,2,41,1,5,6,2,12,13,14,15,3,3,3,3,41,2,6,7,3,16,17,18,19,4,4,4,4,41,4,0,3,7,20,21,22,23,5,5,5,5],
    "vertices":[-0.401162,-0.401163,6.55889,-0.401166,-0.401164,-6.55889,0.401162,-0.401164,-6.55889,0.401166,-0.401163,6.55889,-0.401162,0.401164,6.55889,-0.401166,0.401163,-6.55889,0.401162,0.401163,-6.55889,0.401166,0.401164,6.55889],
    "normals":[-8.64148e-14,-1,4.54381e-08,2.59244e-13,1,-4.54381e-08,-1,5.57187e-08,3.10115e-07,4.45738e-06,-1.48579e-06,-1,1,-1.30007e-07,-3.12387e-07,-3.86306e-06,3.26875e-06,1],
    "metadata":{
        "version":3,
        "type":"Geometry",
        "normals":6,
        "generator":"io_three",
        "vertices":8,
        "faces":6,
        "uvs":1
    },
    "uvs":[[0.0178572,0.684524,0.315476,0.684524,0.315476,0.982143,0.0178571,0.982143,0.648809,0.351191,0.648809,0.64881,0.351191,0.648809,0.35119,0.351191,0.64881,0.315476,0.351191,0.315476,0.35119,0.0178571,0.648809,0.0178572,0.0178572,0.315476,0.0178571,0.0178573,0.315476,0.0178571,0.315476,0.315476,0.315476,0.64881,0.0178572,0.64881,0.0178571,0.351191,0.315476,0.351191,0.684524,0.0178571,0.982143,0.0178572,0.982143,0.315476,0.684524,0.315476]]
}